,Brown_dwarf,Constellation,Right_ascension,Declination,App_mag,Distance,Spectral_type,Mass,Radius,Discovery_year
0,SDSS J000013.54+255418.6 [de],46.1,48,0.99,Pegasus,0h 0m 13.54s,25° 54′ 18″,,T4.5,2004
1,.mw-parser-output .vanchor>:target~.vanchor-text{background-color:#b1d2ff}2MASS J08283419-1309198,,,,,,,,,
2,2MASS J00040288-6410358,192,19,1.63,Tucana,0h 4m 2.88s,−64° 10′ 35.8″,,L1γ,
3,LHS 102BC,,,,Phoenix,0h 4m 34.84s,−40° 44′ 5.8″,,L5,2002
4,2MASS J00242463-0158201,37.7,79,1.09,Pisces,0h 24m 24.63s,−1° 58′ 20.1″,,M9.5,
5,2MASS J00250365+4759191AB,143,,,Cassiopeia,0h 25m 3.65s,47° 59′ 19.1″,,L4,
6,2MASS J00274197+0503417,236,31,1.44,Pisces,0h 27m 41.97s,5° 3′ 41.7″,,M9.5β,
7,2MASS J00275592+2219328,46.9,,,Andromeda,0h 27m 55.92s,22° 19′ 32.8″,,M8,
8,2MASSW J0030300-145033,87.2,54,0.98,Cetus,0h 30m 30.13s,−14° 50′ 33.3″,,L7,n/a
9,2MASS J00332386-1521309 [de],131,29,1.43,Cetus,0h 33m 23.86s,−15° 21′ ″,,L1-L4β,n/a
10,2MASS J00345157+0523050,31,42,0.94,Pisces,0h 34m 51.57s,5° 23′ 5″,,T6.5,n/a
11,2MASS 0036+1821,28.6,42,0.94,Pisces,0h 36m 16.17s,18° 21′ 10.4″,12.47,L3.5,2000
12,2MASSW J0045214+163445,57,23,1.62,Pisces,0h 45m 21.43s,16° 34′ 44.6″,,L2β,n/a
13,WISEP J004701.06+680352.1 [fr],40,12,1.3,Cassiopeia,0h 47m 0.38s,68° 3′ 54.3″,,L7.5p,n/a
14,2MASS J00501994-3322402 [de],34,40,0.94,Sculptor,0h 50m 19.94s,−33° 22′ 40.2″,,T7,n/a
15,2MASS J00034227-2822410,,,,Sculptor,0h 55m 39.72s,−28° 22′ 42″,,M7.5,n/a
16,2MASS J00584253-0651239 [de],96,29,1.43,Cetus,0h 58m 42.53s,−6° 51′ 23.9″,,L0β,n/a
17,CFBDS J005910.90–011401.3,30,23,,Cetus,0h 59m 10.83s,−1° 14′ 1.3″,18.08,T8.5,2013
18,2MASSI J0103320+193536,70,52,0.98,Pisces,1h 3m 32.03s,19° ′ 35″,,L6β,
19,SDSSp J010752.33+004156.1 [de],51,52,0.98,Cetus,1h 7m 52.42s,−0° 41′ 56.3″,,L8,
20,2MASSI J0117474-340325 [de],163,20,1.62,Sculptor,1h 17m 47.48s,−34° 3′ 25.8″,,L2:,
21,2MASS J01415823-4633574 [de],130,20,1.61,Phoenix,1h 41m 58.23s,−46° 33′ 57.4″,,L0γ,
22,SDSS J015141.69+124429.6,70,47,0.97,,1h 51m 41.55s,12° 44′ 30″,,T1,
23,DENIS-P J020529.0−115925A,65,,,Cetus,2h 5m 29.401s,−11° 59′ 29.67″,,L5.5,1997
24,DENIS-P J020529.0−115925B,65,,,Cetus,2h 5m 29.401s,−11° 59′ 29.67″,,L8,1997
25,DENIS-P J020529.0−115925C,65,,,Cetus,2h 5m 29.401s,−11° 59′ 29.67″,,T0,1997
26,SDSS J020742.48+000056.2 [de],111,47,0.97,Cetus,2h 7m 42.84s,−0° 0′ 56.4″,,T4.5,n/a
27,2MASS J02103857-3015313,101,15,1.53,,2h 10m 38.57s,−30° 15′ 31.3″,,L0γ,n/a
28,2MASS J02340093-6442068,155,20,1.62,,2h 34m 0.93s,−64° 42′ 6.8″,,L0γ,n/a
29,2MASS J02411151-0326587 [de],152,27,1.41,Cetus,2h 41m 11.51s,−3° 26′ 58.7″,,L0γ,n/a
30,2MASS J02431371−2453298,35,33,0.99,Fornax,2h 43m 13.71s,−24° 53′ 29.8″,,T6,2002
31,LP 771-21,53,78,1.08,,2h 48m 41s,−16° 51′ 21.6″,,M8,n/a
32,2MASS J02511327+0047364,,,,,2h 51m 13.27s,−0° 47′ 36.4″,,M8,n/a
33,Teegarden's star,12.578,80,1.27,Aries,2h 53m 0.84s,+16° 52′ 53.2″,15.40,M7,2003
34,2MASS J02535980+3206373,184,65,1.9,,2h 53m 59.8s,32° 6′ 37.3″,,M7β,n/a
35,WISE J0254+0223,24,65,1.9,Cetus,2h 54m 9.45s,2° 23′ 59.1″,16.01,T8,n/a
36,DEN 0255-4700,16.2,80,0.97,Eridanus,2h 55m 3.57s,−47° 0′ 50.9″,22.92,L8,2006
37,2MASS J03185403-3421292 [de],45,49,0.97,Fornax,3h 18m 54.03s,−34° 21′ 29.2″,,L7,2008
38,2MASS J03205965+1854233,47,88,1.15,,3h 20m 59.65s,18° 54′ 23.3″,,M8,n/a
39,2MASS J03231002-4631237,192,23,1.66,,3h 23m 10.02s,−46° 31′ 23.7″,,L0γ,n/a
40,SDSS J032553.17+042540.1,59,45,0.95,,3h 25m 53.22s,4° 25′ 40.6″,,T5.5,n/a
41,2MASS J03264225-2102057 [de],80,18,1.3,Eridanus,3h 26m 42.25s,−21° 2′ 5.7″,,L5γ,2003
42,2MASS J03284265+2302051 [de],98,54,0.98,Taurus,3h 28m 42.65s,23° 2′ 5.1″,,L8,2000
43,2MASS J03341218-4953322,27.0,73,1.04,,3h 34m 12.18s,−49° 53′ 32.2″,,M9,n/a
44,LP 944-20,20.9,73,1.43,Fornax,3h 39m 35.22s,−35° 25′ 44″,10.725,M9β,n/a
45,2MASP J0345432+254023,88,74,1.05,,3h 45m 43.16s,25° 40′ 23.3″,,L0,1997
46,Teide 1,380,55,3.78,Taurus,3h 47m 18s,+24° 22′ 31″,,M8,1995
47,2MASS J03510004-0052452,48,102,1.27,,3h 51m 0.04s,−0° 52′ 45.2″,,M8,n/a
48,2MASS J03552337+1133437,29.8,20,1.32,Taurus,3h 55m 23.37s,11° 33′ 43.7″,14.05,L5γ,2006
49,DENIS-P J035726.9-441730 [de],130,,,Horologium,3h 57m 26.95s,−44° 17′ 30.5″,14.37,L0β,n/a
50,2MASS J04151954−0935066,18.6,30,0.95,Eridanus,4h 15m 19.54s,−9° 35′ 6.6″,15.7,T8,2002
51,SDSSp J042348.57-041403.5 [de],50,,,Eridanus,4h 23m 48.58s,−4° 14′ 3.5″,14.5,L7.5,2002
52,2MASS J04285096-2253227 [de],85,80,1.09,Eridanus,4h 28m 50.96s,−22° 53′ 22.7″,,L0.5,2003
53,2MASS J04351612-1606574,34,100,1.26,,4h 35m 16.13s,−16° 6′ 57.5″,,M7,n/a
54,2MASS J04362788-4114465,142,39,1.97,,4h 36m 27.88s,−41° 14′ 46.5″,,M8βγ,n/a
55,2MASS J04390101-2353083 [de],29.5,48,0.97,Eridanus,4h 39m 1.01s,−23° 53′ 8.3″,,L6.5,2003
56,2MASS J04414489+2301513,470,19,,,4h 41m 44.9s,23° 1′ 58.07″,,M8.5,2010
57,2MASS J04433764+0002040,82,22,1.78,,4h 43m 37.61s,−0° 2′ 5.1″,,M9γ,n/a
58,2MASS J04455387-3048204 [de],42,64,1.00,Caelum,4h 45m 53.87s,−30° 48′ 20.4″,,L2,2003
59,2MASS J04510093-3402150 [de],69,72,1.04,Caelum,4h 51m 0.93s,−34° 2′ 15″,,L0.5,2003
60,2MASS J05002100+0330501 [de],44,64,1.00,Orion,5h 0m 21s,3° 30′ 50.1″,,L4,2008
61,2MASS J05012406-0010452 [de],64,21,1.38,Orion,5h 1m 24.06s,−0° 10′ 45.2″,,L4γ,2008
62,2MASS J05160945-0445499 [de],73,47,0.97,Orion,5h 16m 9.45s,−4° 45′ 49.9″,,T5.5,2003
63,2MASS J0523−1403,40,68,1.01,Lepus,5h 23m 38.22s,−14° 3′ 2.2″,,L2.5,n/a
64,2MASS 0532+8246,81,83,,Camelopardalis,5h 32m 53.46s,82° 46′ 46.5″,,L7,2018
65,SDSS J053951.99-005902.0,41.62,61,1.01,,5h 39m 52s,−0° 59′ 1.9″,21.05,L5,n/a
66,2MASS J05591914-1404488 [de],34,,,Lepus,5h 59m 19.14s,−14° 4′ 48.8″,,T4.5,2000
67,LSR 0602+3910 [de],34.6,28,1.41,Auriga,6h 2m 30.45s,39° 10′ 59.2″,20.88,L1β,2003
68,2MASS J06085283-2753583,102,38,1.51,,6h 8m 52.83s,−27° 53′ 58.3″,,M8.5γ,n/a
69,WISEP J061135.13-041024.0A,69,65,,,6h 11m 35.12s,−4° 10′ 24″,,L9,2014
70,WISEP J061135.13-041024.0B,69,53,,,6h 11m 35.12s,−4° 10′ 24″,,T1.5,2014
71,2MASS J06244595-4521548 [de],39,56,0.99,Puppis,6h 24m 45.95s,−45° 21′ 54.8″,,L5,2008
72,2MASS J06411840-4322329 [de],65,67,1.01,Puppis,6h 41m 18.4s,−43° 22′ 32.9″,,L1.5,2008
73,DENIS-P J0652197-253450 [de],51,75,1.05,Canis Major,6h 52m 19.77s,−25° 34′ 50.5″,,L0,2008
74,2MASS J07003664+3157266 [de],40,,,Gemini,7h 0m 36.64s,31° 57′ 26.6″,,L3.5:,2003
75,2MASS J07075327-4900503,60,72,1.03,,7h 7m 53.27s,−49° 0′ 50.3″,,M9,n/a
76,UGPS J072227.51-054031.2,13.4,26,0.98,Monoceros,7h 22m 27.6s,−05° 40′ 38.4″,,T9,2010
77,2MASSI J0727182+171001 [de],29.6,41,0.94,Gemini,7h 27m 18.24s,17° 10′ 1.2″,,T7,2002
78,2MASS J07290002-3954043 [de],25.8,37,0.94,Puppis,7h 29m 0.02s,−39° 54′ 4.4″,,T8 pec,2007
79,SDSS J074201.41+205520.5 [de],49,43,0.94,Gemini,7h 42m 1.3s,20° 55′ 19.8″,,T5,2004
80,2MASS J0746425+200032 [fr],49.6,,,Gemini,7h 46m 42.56s,20° 0′ 32.1″,,L0.5,1999
81,DENIS-P J0751164-253043 [de],55,71,1.03,Puppis,7h 51m 16.45s,−25° 30′ 43.2″,,L2.5,2008
82,2MASS J07522390+1612157,60,68,2.01,,7h 52m 23.9s,16° 12′ 15.7″,,M7βγ,
83,DENIS J081730.0-615520,16.1,44,0.94,Carina,8h 17m 30.01s,−61° 55′ 15.8″,13.6,T6,2010
84,DENIS J082303.1−491201A,67,44,,Vela,8h 23m 3.13s,−49° 12′ 1.3″,,L1.5,2006
85,DENIS J082303.1−491201B,67,28,,Vela,8h 23m 3.13s,−49° 12′ 1.3″,,L5.5,2006
86,2MASS J08251968+2115521 [de],35,52,0.98,Cancer,8h 25m 19.68s,21° 15′ 52.1″,,L7.5,2000
87,SDSSp J083008.12+482847.4 [de],43,48,0.99,Lynx,8h 30m 8.25s,48° 28′ 48.2″,,L8,2002
88,LHS 2021,55,88,1.15,,8h 30m 32.56s,9° 47′ 15.4″,,M6.5,
89,SDSS J083048.80+012831.1 [de],77,46,0.96,Hydra,8h 30m 48.78s,1° 28′ 31.1″,,T4.5,2004
90,2MASSI J0835425-081923 [de],23.53,62,1.00,Hydra,8h 35m 42.56s,−8° 19′ 23.7″,,L5,2003
91,2MASSI J0847287-153237 [de],43,64,1.00,Hydra,8h 47m 28.72s,−15° 32′ 37.2″,,L2,2003
92,2MASS J08533619-0329321,27.6,77,1.07,,8h 53m 36.19s,−3° 29′ 32.1″,,M9,
93,2MASSI J0859254-194926 [de],50,50,0.98,Pyxis,8h 59m 25.47s,−19° 49′ 26.8″,,L6,2003
94,2MASSW J0920122+351742 [de],95,,,Lynx,9h 20m 12.23s,35° 17′ 42.9″,,L6.5,2000
95,2MASSI J0937347+293142,20.0,42,0.94,Leo,9h 37m 34.87s,29° 31′ 40.9″,,T6p,2002
96,2MASS 0939−2448,17.4,32,0.95,Antlia,9h 39m 35.48s,−24° 48′ 27.9″,16.83,T8,2005
97,2MASS J09490860-1545485 [de],59,49,0.96,Hydra,9h 49m 8.6s,−15° 45′ 48.5″,,T2,2005
98,2MASS J10073369-4555147,46,44,0.94,,10h 7m 33.69s,−45° 55′ 14.7″,,T5,
99,2MASSI J1010148-040649 [de],55,51,0.98,Sextans,10h 10m 14.8s,−4° 6′ 49.9″,,L6,2003
100,2MASSI J1017075+130839 [de],108,,,Leo,10h 17m 7.54s,13° 8′ 39.8″,17.4,L2:,2003
101,SDSS J102109.69-030420.1,95,,,,10h 21m 9.69s,−3° 4′ 19.7″,,T3,
102,2MASS J10224821+5825453 [de],60,27,1.41,Ursa Major,10h 22m 48.21s,58° 25′ 45.3″,,L1β,2008
103,2MASSW J1036530-344138 [de],53,49,0.97,Antlia,10h 36m 53.05s,−34° 41′ 38″,,L6,2002
104,2MASS J1047538+212423 [de],34.4,42,0.94,Leo,10h 47m 53.85s,21° 24′ 23.4″,15.8,T6.5,1999
105,DEN 1048-3956,13.15,77,1.07,Antlia,10h 48m 14.64s,−39° 56′ 6.2″,17.4,M9,2000
106,Luhman 16B,6.516,43,1.02,Vela,10h 49m 18.91s,−53° 19′ 10″,,T1,2013
107,Luhman 16A,6.516,40,1.01,Vela,10h 49m 18.91s,−53° 19′ 10″,,L8,2013
108,DENIS-P J1058.7−1548,49,64,1.00,Crater,10h 58m 47.87s,−15° 48′ 17.2″,14.155,L3,1997
109,TWA 28,180,36,2.39,,11h 2m 9.83s,−34° 30′ 35.5″,,M8.5γ,
110,Cha 110913-773444,163,8,1.8,Chamaeleon,11h 9m 14s,–77° 34′ 45″,21.59,L,2005
111,OTS 44,554,15,,Chamaeleon,11h 10m 12s,–76° 32′ 13″,,M9.5V,2005
112,SDSS J111010.01+011613.1,63,9,1.24,,11h 10m 10.01s,1° 16′ 13″,,T5.5p,
113,2MASS J11145133−2618235,18.2,33,0.96,Hydra,11h 14m 51.33s,−26° 18′ 23.5″,15.86,T7.5,2005
114,TWA 26,137,30,2.20,,11h 39m 51.14s,−31° 59′ 21.5″,,M9γ,
115,2MASSW J1146345+223053,89,,,,11h 46m 34.49s,22° 30′ 52.7″,,L3,
116,2MASS J11544223-3400390 [de],129,37,1.50,Hydra,11h 54m 42.23s,−34° 0′ 39″,14.2,L0β,2003
117,2MASSW J1155395-372735 [de],31,64,1.00,Centaurus,11h 55m 39.52s,−37° 27′ 35″,12.8,L2,2002
118,TWA 27A,,,,,12h 7m 33.46s,−39° 32′ 54″,,M8,
119,TWA 27B,,,,,12h 7m 33.5s,−39° 32′ 54.4″,,M8γ,
120,2MASS J12074836-3900043,217,17,1.71,,12h 7m 48.36s,−39° 0′ 4.4″,,L0γ,n/a
121,2MASSI J1217110-031113 [de],36,42,0.94,Virgo,12h 17m 11.1s,−3° 11′ 13.1″,15.86,T7.5,1999
122,2MASS J12255432-2739466,43,,,,12h 25m 54.32s,−27° 39′ 46.6″,,T6,n/a
123,DENIS-P J1228.2-1547,66,,,Corvus,12h 28m 15.23s,−15° 47′ 34.2″,14.38,L5,1999
124,2M 1237+6526,45.6,41,0.94,Draco,12h 37m 39.19s,65° 26′ 14.8″,16.05,T6.5,2003
125,2MASSW J1239272+551537 [de],119,,,Ursa Major,12h 39m 27.27s,55° 15′ 37.1″,14.7,L5,2000
126,TWA 29,262,25,2.00,,12h 45m 14.16s,−44° 29′ 7.7″,,M9.5,n/a
127,SDSSp J125453.90-012247.4 [de],38,47,0.98,Virgo,12h 54m 53.93s,−1° 22′ 47.4″,14.9,T2,2000
128,Kelu-1A,61,63,0.98,Hydra,13h 5m 40.2s,−25° 41′ 6″,,L2,1997
129,Kelu-1B,61,58,0.98,Hydra,13h 5m 40.2s,−25° 41′ 6″,,L4,1997
130,2MASS J13204427+0409045,101,67,1.01,,13h 20m 44.27s,4° 9′ 4.5″,,L3:,n/a
131,SDSSp J132629.82-003831.5 [de],65,51,0.97,Virgo,13h 26m 29.81s,−0° 38′ 31.4″,16.1,L8:,2000
132,SDSSp J134646.45-003150.4 [de],48,44,0.94,Virgo,13h 46m 46.34s,−0° 31′ 50.1″,16,T6.5,2000
133,2MASS J13595510-4034582,51,63,1.00,,13h 59m 55.1s,−40° 34′ 58.2″,,L1,n/a
134,ULAS J141623.94+134836.3,29.7,32,0.96,,14h 16m 23.94s,13° 48′ 36.3″,,T7.5p,n/a
135,SDSS J141659.78+500626.4 [de],149,59,0.99,Boötes,14h 16m 59.86s,50° 6′ 25.8″,22,L4.5,2006
136,DENIS-P J142527.97-365023.4 [de],38,21,1.32,Centaurus,14h 25m 27.98s,−36° 50′ 22.9″,14,L3:,2004
137,LHS 2924,38.5,76,1.06,Boötes,14h 28m 43.23s,+33° 10′ 39.1″,19.74,M9V,
138,2MASS J14392837+1929150,47,72,1.03,,14h 39m 28.36s,19° 29′ 14.9″,,L1,n/a
139,LSPM J1440+1339,72,92,1.19,,14h 40m 22.93s,13° 39′ 23″,,M8,n/a
140,2MASS J14482563+1031590 [de],47,59,0.99,Boötes,14h 48m 25.63s,10° 31′ 59″,15,L4:,2003
141,CFBDSIR 1458+10A,104,11.1,1.5,Boötes,14h 58m 29.0s,+10° 13′ 43″,19.83,T9,2010
142,CFBDSIR 1458+10B,104,9,1.3,Boötes,14h 58m 29.0s,+10° 13′ 43″,21.85,Y0,2010
143,TVLM 513-46546,35.1,75,1.05,Boötes,15h 1m 8.18s,+22° 50′ 2″,15.09,M8.5V,n/a
144,2MASS 1503+2525,20.7,44,0.94,Boötes,15h 3m 19.61s,25° 25′ 19.6″,,T5,2003
145,CFBDS J150411+102717,71,44,0.94,,15h 4m 11.64s,10° 27′ 18.4″,,T7,n/a
146,2MASSW J1506544+132106 [de],46,69,1.02,Boötes,15h 6m 54.41s,13° 21′ 6″,13,L3,2000
147,2MASS 1507−1627,23.9,60,0.99,Libra,15h 7m 47.69s,−16° 27′ 38.6″,19,L5,2000
148,TVLM 868-110639,53,79,1.08,,15h 10m 16.85s,−2° 41′ 7.8″,,M9,n/a
149,SDSS J151114.66+060742.9 [de],89,,,Serpens,15h 11m 14.66s,6° 7′ 43.1″,25,T2,2006
150,2MASSW J1515008+484742 [de],34,57,0.99,Boötes,15h 15m 0.83s,48° 47′ 41.6″,14,L6,2003
151,2MASSI J1526140+204341 [de],67,54,0.98,Serpens,15h 26m 14.05s,20° 43′ 41.4″,16,L7,2000
152,DENIS-P J153941.96-052042.4 [de],51,63,1.00,Libra,15h 39m 41.89s,−5° 20′ 42.8″,14,L4,2004
153,2MASS J15462718-3325111 [de],37,44,0.94,Lupus,15h 46m 27.19s,−33° 25′ 11.2″,16,T5.5,2002
154,2MASSW J1552591+294849 [de],68,30,1.43,Corona Borealis,15h 52m 59.06s,29° 48′ 48.5″,13,L0β,2003
155,2MASSW J1555157-095605 [de],44,71,1.03,Libra,15h 55m 15.73s,−9° 56′ 5.5″,13,L1,2002
156,2MASS J16150413+1340079 [de],48,42,0.94,Hercules,16h 15m 4.13s,13° 40′ 7.9″,16,T6,2007
157,SDSSp J162414.37+002915.6 [de],36,43,0.94,Serpens,16h 24m 14.36s,0° 29′ 15.8″,,T6,1999
158,2MASS J16262034+3925190 [de],110,71,1.03,Hercules,16h 26m 20.34s,39° 25′ 19″,14.44,L4sd,2004
159,2MASSW J1632291+190441 [de],50,49,0.97,Hercules,16h 32m 29.11s,19° 4′ 40.7″,22,L8,1999
160,WISEPA J164715.59+563208.2,28,41,0.94,,16h 47m 15.59s,56° 32′ 8.2″,,L9p,n/a
161,LSPM J1658+7027 [de],60,73,1.04,Draco,16h 58m 3.8s,70° 27′ 1.5″,19,L1,2000
162,2MASSI J1726000+153819,114,24,1.40,,17h 26m 0.07s,15° 38′ 19″,,L3β,n/a
163,2MASSW J1728114+394859,79,,,,17h 28m 11.5s,39° 48′ 59.3″,,L7,n/a
164,SDSSp J175032.96+175903.9,90,47,0.97,,17h 50m 32.93s,17° 59′ 4.2″,,T3.5,n/a
165,2MASS J18283572-4849046,39,45,0.95,,18h 28m 35.72s,−48° 49′ 4.6″,,T5.5,n/a
166,LSR J1835+3259,18.5,77,1.07,Lyra,18h 35m 37.9s,32° 59′ 54.5″,18.27,M8.5,2003
167,2MASSW J1841086+311727,138,67,1.01,,18h 41m 8.61s,31° 17′ 27.9″,,L4p,n/a
168,2MASS J18432213+4040209,46,96,1.22,,18h 43m 22.13s,40° 40′ 20.9″,,M8,n/a
169,2MASS J20004841-7523070,105,25,1.88,,20h 0m 48.41s,−75° 23′ 7″,,M9γ,n/a
170,SDSS J204749.61-071818.3,65,46,0.96,,20h 47m 49.59s,−7° 18′ 18.2″,,T0:,n/a
171,2MASSI J2057540-025230,47,70,1.02,,20h 57m 54.09s,−2° 52′ 30.2″,,L1.5,n/a
172,2MASSW J2101154+175658,108,,,,21h 1m 15.44s,17° 56′ 58.6″,,L7.5,n/a
173,2MASSI J2104149-103736,62,69,1.02,,21h 4m 14.91s,−10° 37′ 36.9″,,L2.5,n/a
174,PSO J318.5−22,80,6.5,1.53,Capricornus,21h 14m 8.02s,−22° 51′ 35.8″,,L7VL-G,2013
175,HB 2124-4228,113,94,1.21,,21h 27m 26.13s,−42° 15′ 18.3″,,M7.5,n/a
176,2MASS J21392676+0220226,32.1,46,0.96,Aquarius,21h 39m 26.77s,2° 20′ 22.7″,14.71,T1.5,n/a
177,2MASS J21481628+4003593,26.3,55,0.99,,21h 48m 16.33s,40° 3′ 59.4″,,L6,n/a
178,2MASS J14112131-2119503,,,,,21h 50m 19.5s,−21° 19′ 50″,,M9β,n/a
179,2MASSW J2206450-421721,93,22,1.33,,22h 6m 44.98s,−42° 17′ 20.8″,,L4γ,n/a
180,2MASSW J2208136+292121,154,27,1.41,,22h 8m 13.63s,29° 21′ 21.5″,,L3γ,n/a
181,2MASSW J2224438-015852,38,61,0.99,,22h 24m 43.81s,−1° 58′ 52.1″,,L4.5,n/a
182,2MASS J22282889-4310262,35,42,0.94,Grus,22h 28m 28.89s,−43° 10′ 26.2″,15.66,T6,2013
183,2MASS J22373255+3922398,64,73,1.04,,22h 37m 32.55s,39° 22′ 39.8″,,M9.5,n/a
184,2MASSW J2244316+204343,56,12,1.29,,22h 44m 31.67s,20° 43′ 43.3″,,L6.5,n/a
185,2MASS J23224684-3133231,56,24,1.39,,23h 22m 46.84s,−31° 33′ 23.1″,,L0β,n/a
186,2MASS J23225299-6151275,148,17,1.59,,23h 22m 52.99s,−61° 51′ 27.5″,,L2γ,n/a
187,2MASS J23515044-2537367,67,88,1.16,,23h 51m 50.44s,−25° 37′ 36.7″,,M8,n/a
188,2MASSI J2356547-155310,74,80,1.09,,23h 56m 54.77s,−15° 53′ 11.1″,,T5.5,n/a
189,WISE 0005+3737,23.2,,,Andromeda,0h 5m 17.48s,37° 37′ 20.5″,18.33,T9,2010
190,WISE 0008-1739,87.1,,,Cetus,0h 8m 49.75s,−17° 39′ 23.63″,17.03,T6,2010
191,WISE 0015-4615,48.6,,,Phoenix,0h 15m 5.87s,−46° 15′ 17.6″,,T8,2010
192,WISE 0031-3840,71.8,,,Sculptor,0h 31m 19.78s,−38° 40′ 36.3″,14.1,L2 pec,2010
193,WISE 0032-4946,62.9,,,Phoenix,0h 32m 31.09s,−49° 46′ 51.4″,,T8.5,2010
194,WISE 0038+2758,36.9,,,Andromeda,0h 38m 29.05s,27° 58′ 52.1″,,T9,2010
195,WISE 0038+8405,101.8,,,Cepheus,0h 38m 30.54s,84° 5′ 17.7″,,T6,2010
196,WISE 0040+0900,47.6,,,Pisces,0h 40m 24.88s,9° 0′ 54.8″,,T7,2010
197,WISE 0049+0441,62.6,,,Pisces,0h 49m 28.48s,4° 40′ 59.82″,15.85,L9,2010
198,WISE 0049+2151,24.1,,,Andromeda,0h 49m 45.61s,21° 51′ 20.0″,,T8.5,2010
199,WISE 0106+1518,142.9,,,Pisces,1h 6m 37.05s,15° 18′ 52.57″,14.36,M8 pec,2010
200,WISE 0123+4142,67.2,,,Andromeda,1h 23m 33.28s,41° 42′ 4.52″,17.38,T7,2010
201,WISE 0135+1715,77.3,,,Pisces,1h 35m 25.64s,17° 15′ 3.4″,,T6,2010
202,WISE 0138-0322,57.7,,,Cetus,1h 38m 36.59s,−3° 22′ 21.57″,16.36,T3,2010
203,WISE 0146+4234,20.5,,,Andromeda,1h 46m 56.66s,42° 34′ 10.0″,18.71,Y0,2010
204,WISE 0148-7202,30,,,Hydrus,1h 48m 7.4s,−72° 2′ 58.87″,18.96,T9.5,2010
205,WISE 0150+3827,61.3,,,Andromeda,1h 50m 10.93s,38° 27′ 24.04″,16.07,T0,2010
206,WISE 0206+2640,58.4,,,Aries,2h 6m 25.29s,26° 40′ 23.64″,16.53,L9 pec,2010
207,WISE 0221+3842,73.1,,,Andromeda,2h 21m 5.99s,38° 42′ 2.73″,17.59,T6.5,2010
208,WISE 0223-2932,47,,,Fornax,2h 23m 22.39s,−29° 32′ 57.63″,17.34,T7.5,2010
209,WISE 0226-0211,91,,,Cetus,2h 26m 24s,−2° 11′ 42.51″,18.94,T7,2010
210,WISE 0241-3653,53.8,,,Fornax,2h 41m 24.73s,−36° 53′ 28.0″,,T7,2010
211,WISE 0245-3450,56.1,,,Fornax,2h 45m 12.62s,−34° 50′ 47.8″,,T8,2010
212,WISE 0247+3725,57.1,,,Perseus,2h 47m 14.52s,37° 25′ 23.5″,,T8,2010
213,WISE 0305+3954,75,,,Perseus,3h 5m 33.55s,39° 54′ 34.77″,17.13,T6,2010
214,WISE 0307+2904,82.8,,,Aries,3h 7m 24.58s,29° 4′ 47.46″,17.78,T6.5,2010
215,WISE 0313+7807,28,,,Cepheus,3h 13m 26.02s,78° 7′ 44.4″,17.65,T8.5,2010
216,WISE 0316+4307,106.3,,,Perseus,3h 16m 24.35s,43° 7′ 9.1″,,T8,2010
217,WISE 0321-7347,84.8,,,Hydrus,3h 21m 20.91s,−73° 47′ 58.8″,,T8,2010
218,WISE 0323-6025,45.3,,,Reticulum,3h 23m 37.57s,−60° 25′ 54.5″,18.15,T8.5,2010
219,WISE 0325-3854,51.2,,,Fornax,3h 25m 17.69s,−38° 54′ 54.1″,,T9,2010
220,WISE 0325+0831,36.5,,,Taurus,3h 25m 47.72s,8° 31′ 18.2″,,T7,2010
221,WISE 0333-5856,54.8,,,Reticulum,3h 33m 49.33s,−58° 56′ 18.6″,16,T3,2010
222,WISE 0335+4310,45.7,,,Perseus,3h 35m 15.01s,43° 10′ 45.1″,,T9::,2010
223,WISE 0336-0143,55.4,,,Eridanus,3h 36m 5.05s,−1° 43′ 50.4″,,T8::,2010
224,WISE 0350-5658,17.7,,,Reticulum,3h 50m 0.32s,−56° 58′ 30.2″,22.8,Y1,2010
225,WISE 0359-5401,19.2,,,Reticulum,3h 59m 34.06s,−54° 1′ 54.6″,21.56,Y0,2010
226,WISE 0410+1502,20,6,1.17,Taurus,4h 10m 22.79s,15° 2′ 47.47″,19.25,Y0,2010
227,WISE 0410+1411,85.8,,,Taurus,4h 10m 54.46s,14° 11′ 31.41″,17.16,T6,2010
228,WISE 0413-4750,66.2,,,Horologium,4h 13m 58.14s,−47° 50′ 39.3″,,T9,2010
229,WISE 0448-1935,69.8,,,Eridanus,4h 48m 53.31s,−19° 35′ 48.06″,16.99,T5 pec,2010
230,WISE 0458+6434A,35.9,15,4.2,Camelopardalis,4h 58m 53.93s,64° 34′ 52.72″,17.50,T8.5,2010
231,WISE 0458+6434B,35.9,10,3.8,Camelopardalis,4h 58m 53.93s,64° 34′ 52.72″,18.48,T9.5,2010
232,WISE 0500-1223,47,,,Eridanus,5h 0m 3.03s,−12° 23′ 42.93″,17.82,T8,2010
233,WISE 0513+0608,44.7,,,Orion,5h 13m 17.28s,6° 8′ 14.55″,16.21,T6.5,2010
234,WISE 0525+6739,98.2,,,Camelopardalis,5h 25m 36.28s,67° 39′ 49.79″,17.49,T6 pec,2010
235,WISE 0528-3308,57.4,,,Columba,5h 28m 44.53s,−33° 8′ 23.95″,16.67,T7 pec,2010
236,WISE 0535-7500,47,,,Mensa,5h 35m 16.8s,−75° 0′ 24.9″,21.1,Y1,2010
237,WISE 0539-1034,84.8,,,Orion,5h 39m 56.98s,−10° 34′ 36.71″,17.71,T5.5,2010
238,WISE 0542-1628,50.6,,,Lepus,5h 42m 31.28s,−16° 28′ 28.96″,16.64,T6.5,2010
239,WISE 0607+2429,25.4,,,Gemini,6h 7m 38.65s,24° 29′ 53.5″,14.22,L8,2010
240,WISE 0611-0410,57.7,,,Monoceros,6h 11m 35.14s,−4° 10′ 24.17″,15.49,T0,2010
241,WISE 0612-4920,95.2,,,Puppis,6h 12m 8.69s,−49° 20′ 23.9″,,T3.5,2010
242,WISE 0612-3036,64.9,,,Canis Major,6h 12m 13.88s,−30° 36′ 12.2″,17,T6,2010
243,WISE 0614+3912,50.2,,,Auriga,6h 14m 7.51s,39° 12′ 35.67″,16.93,T6,2010
244,WISE 0614+0951,51.5,,,Orion,6h 14m 37.73s,9° 51′ 35.0″,,T7,2010
245,WISE 0623-0456,37.5,,,Monoceros,6h 23m 9.91s,−4° 56′ 24.27″,17.51,T8,2010
246,WISE 0625+5646,67.2,,,Lynx,6h 25m 42.27s,56° 46′ 25.55″,17.1,T6,2010
247,WISE 0627-1114,37.2,,,Canis Major,6h 27m 20.08s,−11° 14′ 27.98″,15.49,T6,2010
248,WISE 0647-6232,28,,,Pictor,6h 47m 23.23s,−62° 32′ 39.7″,22.65,Y1,2010
249,WISE 0656+4205,54.1,,,Auriga,6h 56m 9.63s,42° 5′ 32.22″,15.45,T3,2010
250,WISE 0713-2917,23.2,,,Canis Major,7h 13m 22.55s,−29° 17′ 51.9″,19.64,Y0,2010
251,WISE 0723+3403,45.7,,,Gemini,7h 23m 12.44s,34° 3′ 13.5″,,T9:,2010
252,WISE 0733+7544,78.3,,,Camelopardalis,7h 33m 47.94s,75° 44′ 39.2″,,T6,2010
253,WISE 0734-7157,34.9,,,Volans,7h 34m 44.02s,−71° 57′ 44.0″,20.41,Y0,2010
254,WISE 0744+5628,47.3,,,Lynx,7h 44m 57.28s,56° 28′ 21.12″,17.68,T8,2010
255,WISE 0750+2725,51.5,,,Gemini,7h 50m 3.77s,27° 25′ 44.68″,19.02,T8.5,2010
256,WISE 0751-7634,39.1,,,Chamaeleon,7h 51m 8.75s,−76° 34′ 49.54″,19.34,T9,2010
257,WISE 0759-4904,38.8,,,Puppis,7h 59m 46.98s,−49° 4′ 54.13″,,T8,2010
258,WISE 0811-8051,32,,,Chamaeleon,8h 11m 17.81s,−80° 51′ 41.3″,,T9.5:,2010
259,WISE 0812+4021,63.6,,,Lynx,8h 12m 20.04s,40° 21′ 6.2″,,T8,2010
260,WISE 0819-0335,46,,,Hydra,8h 19m 58.06s,−3° 35′ 28.52″,14.99,T4,2010
261,WISE 0821+1443,68.2,,,Ursa Major,8h 21m 31.66s,14° 43′ 19.29″,16.78,T5.5,2010
262,WISE 0836-1859,72.4,,,Pyxis,8h 36m 41.17s,−18° 59′ 47.18″,,T8 pec,2010
263,WISE 0857+5604,42.1,,,Ursa Major,8h 57m 16.25s,56° 4′ 7.58″,17.65,T8,2010
264,WISE 0906+4735,51.5,,,Ursa Major,9h 6m 49.34s,47° 35′ 38.2″,18.16,T8,2010
265,WISE 0929+0409,64.9,,,Hydra,9h 29m 6.78s,4° 9′ 57.59″,17.21,T6.5,2010
266,WISE 0952+1955,72.1,,,Leo,9h 52m 59.3s,19° 55′ 8.49″,17.13,T6,2010
267,WISE 1018-2445,47.6,,,Hydra,10h 18m 8.05s,−24° 45′ 58.26″,,T8,2010
268,WISE 1019+6529,56.8,,,Ursa Major,10h 19m 5.64s,65° 29′ 54.17″,16.59,T6,2010
269,WISE 1039-1600,47.3,,,Hydra,10h 39m 7.73s,−16° 0′ 2.9″,,T7.5,2010
270,WISE 1042-3842,53.2,,,Antlia,10h 42m 45.29s,−38° 42′ 37.86″,,T8.5,2010
271,WISE 1051-2138,40.8,,,Hydra,10h 51m 30.01s,−21° 38′ 59.7″,,T9:,2010
272,WISE 1122+2550,57.7,,,Leo,11h 22m 54.71s,25° 50′ 21.85″,16.67,T6,2010
273,WISE 1124-0421,50.6,,,Leo,11h 24m 38.12s,−4° 21′ 49.7″,,T7,2010
274,WISE 1147-2040,102,,,Hydra,11h 47m 24.21s,−20° 40′ 20.44″,,L7,2010
275,WISE 1150+6302,32.9,,,Ursa Major,11h 50m 13.9s,63° 2′ 40.97″,17.72,T8,2010
276,WISE 1217+1626A,34.2,12,,Coma Berenices,12h 17m 56.96s,16° 26′ 39.98″,18.59,T9,2010
277,WISE 1217+1626B,34.2,6,,Coma Berenices,12h 17m 56.96s,16° 26′ 39.98″,20.26,Y0,2010
278,WISE 1225-1013,55.4,,,Virgo,12h 25m 58.86s,−10° 13′ 45.0″,,T6,2010
279,WISE 1311+0122,44.4,,,Virgo,13h 11m 6.21s,1° 22′ 53.61″,18.97,T9:,2010
280,WISE 1311+3629,86.1,,,Canes Venatici,13h 11m 41.91s,36° 29′ 24.83″,15.55,L5 pec,2010
281,WISE 1318-1758,32.9,,,Virgo,13h 18m 33.98s,−17° 58′ 26.5″,,T9:,2010
282,WISE 1320+6034,56.1,,,Ursa Major,13h 20m 4.18s,60° 34′ 25.99″,16.95,T6.5,2010
283,WISE 1322-2340,33.9,,,Hydra,13h 22m 33.63s,−23° 40′ 16.71″,17.01,T8,2010
284,WISE 1348+6603,91,,,Draco,13h 48m 7.04s,66° 3′ 28.25″,17.17,L9,2010
285,WISE 1405+5534,25.3,30,0.86,Ursa Major,14h 5m 18.27s,55° 34′ 21.22″,20.2,Y0 pec,2010
286,WISE 1433-0837,84.8,,,Libra,14h 33m 11.42s,−8° 37′ 36.4″,,T8::,2010
287,WISE 1436-1814,60,,,Libra,14h 36m 2.22s,−18° 14′ 21.87″,,T8 pec,2010
288,WISE 1457+5815,52.2,,,Draco,14h 57m 15.03s,58° 15′ 9.93″,16.83,T7,2010
289,WISE 1506+7027,11.1,,,Ursa Minor,15h 6m 49.89s,70° 27′ 36.23″,14.33,T6,2010
290,WISE 1517+0529,72.4,,,Serpens,15h 17m 21.13s,5° 29′ 29.3″,,T8,2010
291,WISE 1519+7009,50.9,,,Ursa Minor,15h 19m 6.69s,70° 9′ 30.92″,17.88,T8,2010
292,WISE 1523+3125,84.5,,,Corona Borealis,15h 23m 5.1s,31° 25′ 37.6″,,T7 p,2010
293,WISE 1541-2250,20,,,Libra,15h 41m 51.57s,−22° 50′ 25.03″,21.16,Y0.5,2010
294,WISE 1542+2230,41.1,,,Serpens,15h 42m 14.0s,22° 30′ 5.2″,,T9.5,2010
295,WISE 1612-3420,55.4,,,Scorpius,16h 12m 15.92s,−34° 20′ 28.61″,,T6.5,2010
296,WISE 1614+1739,32.6,,,Hercules,16h 14m 41.48s,17° 39′ 35.44″,19.08,T9,2010
297,WISE 1617+1807,50.2,,,Hercules,16h 17m 5.74s,18° 7′ 14.21″,17.66,T8,2010
298,WISE 1622-0959,52.2,,,Scorpius,16h 22m 9.95s,−9° 55′ 34.78″,16.44,T6,2010
299,WISE 1627+3255,50.2,,,Hercules,16h 27m 25.65s,32° 55′ 24.5″,16.61,T6,2010
300,WISE 1639-6847,16.3,,,Triangulum Australe,16h 39m 40.83s,−68° 47′ 38.6″,,Y0,2010
301,WISE 1647+5632,28,,,Draco,16h 47m 15.59s,56° 32′ 8.44″,16.59,T6,2010
302,WISE 1653+4444,39.5,,,Hercules,16h 53m 11.03s,44° 44′ 22.71″,17.59,T8,2010
303,WISE 1711+3500,60.3,,,Hercules,17h 11m 4.59s,35° 0′ 36.73″,17.89,T8,2010
304,WISE 1717+6129,72.7,,,Draco,17h 17m 17.13s,61° 28′ 58.82″,18.49,T8,2010
305,WISE 1721+1117,62.3,,,Ophiuchus,17h 21m 34.46s,11° 17′ 39.4″,,T6,2010
306,WISE 1728+5716,97.8,,,Draco,17h 28m 44.97s,57° 16′ 42.9″,17.68,T6,2010
307,WISE 1738+2732,20,,,Hercules,17h 38m 35.54s,27° 32′ 58.78″,19.47,Y0,2010
308,WISE 1741+2553,18.9,,,Hercules,17h 41m 24.22s,25° 53′ 18.96″,16.53,T9,2010
309,WISE 1746-0338,83.8,,,Ophiuchus,17h 46m 40.78s,−3° 38′ 18″,17.45,T6,2010
310,WISE 1800+0134,28.7,57,,Ophiuchus,18h 0m 26.60s,1° 34′ 53.1″,14.3,T7.5,2010
311,WISE 1804+3117,30,,,Hercules,18h 4m 35.39s,31° 17′ 5.98″,18.7,T9.5:,2010
312,WISE 1809+3838,74.4,,,Hercules,18h 9m 1.07s,38° 38′ 5.4″,,T8,2010
313,WISE 1812+2721,47,,,Hercules,18h 12m 10.83s,27° 21′ 44.26″,18.19,T8.5:,2010
314,WISE 1828+2650,36,,,Lyra,18h 28m 31.10s,26° 50′ 37.79″,23.57,Y2,2010
315,WISE 1830+4542,107,,,Lyra,18h 30m 58.57s,45° 42′ 57.55″,,L9,2010
316,WISE 1841+7000,131.1,,,Draco,18h 41m 24.75s,70° 0′ 38.54″,17.24,T5,2010
317,WISE 1852+3537,55.4,,,Lyra,18h 52m 15.83s,35° 37′ 16.06″,16.5,T7,2010
318,WISE 1906+4508,51.5,,,Lyra,19h 6m 24.73s,45° 8′ 6.88″,16.36,T6,2010
319,WISE 1928+2356,22.8,,,Vulpecula,19h 28m 41.35s,23° 56′ 4.9″,,T6,2010
320,WISE 1952+7240,44.4,,,Draco,19h 52m 46.61s,72° 40′ 0.61″,15.09,T4,2010
321,WISE 1959-3338,37.2,,,Sagittarius,19h 59m 5.65s,33° 38′ 34.03″,16.87,T8,2010
322,WISE 2030+0749,34.2,,,Delphinus,20h 30m 42.90s,7° 49′ 34.4″,14.23,T1.5,2010
323,WISE 2014+0424,96.2,,,Aquila,20h 14m 4.13s,4° 24′ 8.5″,,T7 p,2010
324,WISE 2015+6646,50.6,,,Draco,20h 15m 46.27s,66° 46′ 45.1″,,T8,2010
325,WISE 2018-7423,47.9,,,Pavo,20h 18m 25s,−74° 23′ 27.99″,17.11,T7,2010
326,WISE 2019-1148,42.4,,,Capricornus,20h 19m 20.76s,−11° 48′ 7.6″,,T8.5:,2010
327,WISE 2056+1459,24.5,,,Delphinus,20h 56m 28.88s,14° 59′ 53.68″,19.21,Y0,2010
328,WISE 2134-7137,42.7,,,Indus,21h 34m 56.81s,−71° 37′ 44.56″,19.8,T9 pec,2010
329,WISE 2157+2659,61.6,,,Pegasus,21h 57m 51.34s,26° 59′ 31.25″,17.31,T7,2010
330,WISE 2209-2734,46,,,Piscis Austrinus,22h 9m 22.05s,−27° 34′ 39.94″,16.81,T7,2010
331,WISE 2213+0911,58.7,,,Pegasus,22h 13m 54.71s,9° 11′ 39.47″,16.98,T7,2010
332,WISE 2220-3628,26.4,,,Grus,22h 20m 55.31s,−36° 28′ 17.4″,20.38,Y0,2010
333,WISE 2226+0440,45,,,Pegasus,22h 26m 23.06s,4° 40′ 3.06″,16.9,T8,2010
334,WISE 2237-0614,53.5,,,Aquarius,22h 37m 29.48s,−6° 14′ 34.36″,17.4,T5,2010
335,WISE 2237+7228,46,,,Cepheus,22h 37m 20.39s,72° 28′ 33.8″,,T6,2010
336,WISE 2239+1617,59.7,,,Pegasus,22h 39m 37.57s,16° 17′ 16″,16.18,T3,2010
337,WISE 2255-3118,44.7,,,Piscis Austrinus,22h 55m 40.74s,−31° 18′ 42.11″,17.29,T8,2010
338,WISE 2301+0216,60.7,,,Pisces,23h 1m 33.32s,2° 16′ 35.1″,,T6.5,2010
339,WISE 2313-8037,35.9,,,Octans,23h 13m 36.45s,−80° 37′ 0.7″,16.97,T8,2010
340,WISE 2319-1844,52.2,,,Aquarius,23h 19m 39.13s,−18° 44′ 4.15″,17.43,T7.5,2010
341,WISE 2325-4105,37.5,,,Grus,23h 25m 19.54s,−41° 5′ 34.92″,19.75,T9 pec,2010
342,WISE 2327-2730,70.8,,,Sculptor,23h 27m 28.74s,−27° 30′ 56.66″,16.68,L9,2010
343,WISE 2335+4222,90.3,,,Andromeda,22h 35m 43.79s,42° 22′ 55.2″,,T7,2010
344,WISE 2340-0745,37.8,,,Aquarius,23h 40m 26.6s,−7° 45′ 8.46″,16.15,T7,2010
345,WISE 2342+0856,51.2,,,Pegasus,23h 42m 28.98s,8° 56′ 20.2″,,T6.5,2010
346,WISE 2343-7418,48.6,,,Octans,23h 43m 51.3s,−74° 18′ 46.86″,16.13,T6,2010
347,WISE 2344+1034,46,,,Pegasus,23h 44m 46.23s,10° 34′ 16.1″,18.8,T9,2010
348,WISE 2348-1028,54.1,,,Aquarius,23h 48m 41.13s,−10° 28′ 44.11″,16.91,T7,2010
349,WISE 2357+1227,54.8,,,Pegasus,23h 57m 16.49s,12° 27′ 41.8″,,T6,2010
350,WISE 2359-7335,42.7,,,Tucana,23h 59m 41.08s,−73° 35′ 5.09″,16.16,T5.5,2010
351,WISEA 1101+5400,111,,,Ursa Major,11h 01m 25.95s,+54° 00′ 52.8″,,T5.5,2017
352,2M1510,120,40 + 39 + ?,,Libra,15h 10m 47.47s,−28° 18′ 18.3″,,M9γ+M9γ,2002
