,Star_name,Distance,Mass,Radius,Luminosity,,Brown_dwarf,Constellation,Right_ascension,Declination,App_mag,Distance,Spectral_type,Mass,Radius,Discovery_year
0,Sun,0.000015813,1,1,1,0,SDSS J000013.54+255418.6 [de],46.1,48,0.99,Pegasus,0h 0m 13.54s,25° 54′ 18″,,T4.5,2004
1,Sirius,0008.6,2.1,1.71,25.4,1,.mw-parser-output .vanchor>:target~.vanchor-text{background-color:#b1d2ff}2MASS J08283419-1309198,,,,,,,,,
2,Canopus,0310,15,71,"13,500",2,2MASS J00040288-6410358,192,19,1.63,Tucana,0h 4m 2.88s,−64° 10′ 35.8″,,L1γ,
3,Alpha Centauri,0004.4,1.1,1.2,2,3,LHS 102BC,,,,Phoenix,0h 4m 34.84s,−40° 44′ 5.8″,,L5,2002
4,Arcturus,0037,1.1,26,170,4,2MASS J00242463-0158201,37.7,79,1.09,Pisces,0h 24m 24.63s,−1° 58′ 20.1″,,M9.5,
5,Vega,0025,2.2,2.7,50,5,2MASS J00250365+4759191AB,143,,,Cassiopeia,0h 25m 3.65s,47° 59′ 19.1″,,L4,
6,Capella,0043,2.6,12,150,6,2MASS J00274197+0503417,236,31,1.44,Pisces,0h 27m 41.97s,5° 3′ 41.7″,,M9.5β,
7,Rigel,0860,23,78.9,"120,000",7,2MASS J00275592+2219328,46.9,,,Andromeda,0h 27m 55.92s,22° 19′ 32.8″,,M8,
8,Procyon,0011.4,1.5,1.9,7.7,8,2MASSW J0030300-145033,87.2,54,0.98,Cetus,0h 30m 30.13s,−14° 50′ 33.3″,,L7,n/a
9,Betelgeuse,0640[1],20,950,"60,000",9,2MASS J00332386-1521309 [de],131,29,1.43,Cetus,0h 33m 23.86s,−15° 21′ ″,,L1-L4β,n/a
10,Achernar,0144,6.7,9.3,"3,000",10,2MASS J00345157+0523050,31,42,0.94,Pisces,0h 34m 51.57s,5° 23′ 5″,,T6.5,n/a
11,Hadar,0390,10.5,8.6,"42,000",11,2MASS 0036+1821,28.6,42,0.94,Pisces,0h 36m 16.17s,18° 21′ 10.4″,12.47,L3.5,2000
12,Altair,0017,1.8,1.8,10.5,12,2MASSW J0045214+163445,57,23,1.62,Pisces,0h 45m 21.43s,16° 34′ 44.6″,,L2β,n/a
13,Acrux,0320,18,8.9,"25,000",13,WISEP J004701.06+680352.1 [fr],40,12,1.3,Cassiopeia,0h 47m 0.38s,68° 3′ 54.3″,,L7.5p,n/a
14,Aldebaran,0065,1.5,44,520,14,2MASS J00501994-3322402 [de],34,40,0.94,Sculptor,0h 50m 19.94s,−33° 22′ 40.2″,,T7,n/a
15,Antares,0600,12,680,"75,000",15,2MASS J00034227-2822410,,,,Sculptor,0h 55m 39.72s,−28° 22′ 42″,,M7.5,n/a
16,Spica,0260,11.43,7.47,"20,512",16,2MASS J00584253-0651239 [de],96,29,1.43,Cetus,0h 58m 42.53s,−6° 51′ 23.9″,,L0β,n/a
17,Pollux,0034,1.9,8.8,43,17,CFBDS J005910.90–011401.3,30,23,,Cetus,0h 59m 10.83s,−1° 14′ 1.3″,18.08,T8.5,2013
18,Fomalhaut,0025,1.9,1.8,16.6,18,2MASSI J0103320+193536,70,52,0.98,Pisces,1h 3m 32.03s,19° ′ 35″,,L6β,
19,Deneb,"2,600",19,203,"200,000",19,SDSSp J010752.33+004156.1 [de],51,52,0.98,Cetus,1h 7m 52.42s,−0° 41′ 56.3″,,L8,
20,Mimosa,0350,16,8.4,"34,000",20,2MASSI J0117474-340325 [de],163,20,1.62,Sculptor,1h 17m 47.48s,−34° 3′ 25.8″,,L2:,
21,Regulus,0077,3.8,3.1,290,21,2MASS J01415823-4633574 [de],130,20,1.61,Phoenix,1h 41m 58.23s,−46° 33′ 57.4″,,L0γ,
22,Adhara,0430,12.5,14,"39,000",22,SDSS J015141.69+124429.6,70,47,0.97,,1h 51m 41.55s,12° 44′ 30″,,T1,
23,Shaula,0700,14.5,8.8,"36,000",23,DENIS-P J020529.0−115925A,65,,,Cetus,2h 5m 29.401s,−11° 59′ 29.67″,,L5.5,1997
24,Castor,0052,2.8,2.4,30,24,DENIS-P J020529.0−115925B,65,,,Cetus,2h 5m 29.401s,−11° 59′ 29.67″,,L8,1997
25,Gacrux,0088,1.5,84,820,25,DENIS-P J020529.0−115925C,65,,,Cetus,2h 5m 29.401s,−11° 59′ 29.67″,,T0,1997
26,Bellatrix,0240,8.6,5.8,"9,200",26,SDSS J020742.48+000056.2 [de],111,47,0.97,Cetus,2h 7m 42.84s,−0° 0′ 56.4″,,T4.5,n/a
27,Elnath,0130,5.0,4.2,700,27,2MASS J02103857-3015313,101,15,1.53,,2h 10m 38.57s,−30° 15′ 31.3″,,L0γ,n/a
28,Miaplacidus,0110,3.5,6.8,290,28,2MASS J02340093-6442068,155,20,1.62,,2h 34m 0.93s,−64° 42′ 6.8″,,L0γ,n/a
29,Alnilam,"2,000",32,42,"380,000",29,2MASS J02411151-0326587 [de],152,27,1.41,Cetus,2h 41m 11.51s,−3° 26′ 58.7″,,L0γ,n/a
30,Gamma Velorum,"01,100",9.0,6,"170,000",30,2MASS J02431371−2453298,35,33,0.99,Fornax,2h 43m 13.71s,−24° 53′ 29.8″,,T6,2002
31,Alnair,0101,4.0,3.4,260,31,LP 771-21,53,78,1.08,,2h 48m 41s,−16° 51′ 21.6″,,M8,n/a
32,Alioth,0081,2.9,4.2,110,32,2MASS J02511327+0047364,,,,,2h 51m 13.27s,−0° 47′ 36.4″,,M8,n/a
33,Alnitak,01050,33,20,"120,000",33,Teegarden's star,12.578,80,1.27,Aries,2h 53m 0.84s,+16° 52′ 53.2″,15.40,M7,2003
34,Dubhe,0120,4.25,30,300,34,2MASS J02535980+3206373,184,65,1.9,,2h 53m 59.8s,32° 6′ 37.3″,,M7β,n/a
35,Mirfak,0590,8.5,68,"5,000",35,WISE J0254+0223,24,65,1.9,Cetus,2h 54m 9.45s,2° 23′ 59.1″,16.01,T8,n/a
36,Wezen,"1,600",17,200,"82,000",36,DEN 0255-4700,16.2,80,0.97,Eridanus,2h 55m 3.57s,−47° 0′ 50.9″,22.92,L8,2006
37,Sargas,0270,5.7,26,"1,800",37,2MASS J03185403-3421292 [de],45,49,0.97,Fornax,3h 18m 54.03s,−34° 21′ 29.2″,,L7,2008
38,Kaus Australis,0140,3.5,6.8,360,38,2MASS J03205965+1854233,47,88,1.15,,3h 20m 59.65s,18° 54′ 23.3″,,M8,n/a
39,Avior,0630,9.0,130,"60,000",39,2MASS J03231002-4631237,192,23,1.66,,3h 23m 10.02s,−46° 31′ 23.7″,,L0γ,n/a
40,Alkaid,0104,6.1,3.4,"1,350",40,SDSS J032553.17+042540.1,59,45,0.95,,3h 25m 53.22s,4° 25′ 40.6″,,T5.5,n/a
41,Menkalinan,081,2.39,2.77,50,41,2MASS J03264225-2102057 [de],80,18,1.3,Eridanus,3h 26m 42.25s,−21° 2′ 5.7″,,L5γ,2003
42,Atria,0390,7,92,"5,500",42,2MASS J03284265+2302051 [de],98,54,0.98,Taurus,3h 28m 42.65s,23° 2′ 5.1″,,L8,2000
43,Alhena,0109,2.8,3.3,120,43,2MASS J03341218-4953322,27.0,73,1.04,,3h 34m 12.18s,−49° 53′ 32.2″,,M9,n/a
44,Peacock,0180,5.9,4.8,"2,200",44,LP 944-20,20.9,73,1.43,Fornax,3h 39m 35.22s,−35° 25′ 44″,10.725,M9β,n/a
45,Alsephina[2],0080,2.4,2.9,90,45,2MASP J0345432+254023,88,74,1.05,,3h 45m 43.16s,25° 40′ 23.3″,,L0,1997
46,Mirzam,0500,13.5,10,"27,000",46,Teide 1,380,55,3.78,Taurus,3h 47m 18s,+24° 22′ 31″,,M8,1995
47,Polaris,0430,5.4,39,"2,500",47,2MASS J03510004-0052452,48,102,1.27,,3h 51m 0.04s,−0° 52′ 45.2″,,M8,n/a
48,Alphard,0180,3.0,50,780,48,2MASS J03552337+1133437,29.8,20,1.32,Taurus,3h 55m 23.37s,11° 33′ 43.7″,14.05,L5γ,2006
49,Mintaka,01200,24,16.5,"190,000",49,DENIS-P J035726.9-441730 [de],130,,,Horologium,3h 57m 26.95s,−44° 17′ 30.5″,14.37,L0β,n/a
50,Scheat,0196,2.1,95,"1,500",50,2MASS J04151954−0935066,18.6,30,0.95,Eridanus,4h 15m 19.54s,−9° 35′ 6.6″,15.7,T8,2002
51,Almaaz,0653,15,140,"43,000",51,SDSSp J042348.57-041403.5 [de],50,,,Eridanus,4h 23m 48.58s,−4° 14′ 3.5″,14.5,L7.5,2002
52,Rasalgethi,0360,2.8,280,"8,300",52,2MASS J04285096-2253227 [de],85,80,1.09,Eridanus,4h 28m 50.96s,−22° 53′ 22.7″,,L0.5,2003
53,Tau Ceti,011.9,0.783,0.893,0.52,53,2MASS J04351612-1606574,34,100,1.26,,4h 35m 16.13s,−16° 6′ 57.5″,,M7,n/a
54,Delta Pavonis,019.92,0.991,1.22,1.22,54,2MASS J04362788-4114465,142,39,1.97,,4h 36m 27.88s,−41° 14′ 46.5″,,M8βγ,n/a
55,Ran,010.48,0.82,0.74,0.34,55,2MASS J04390101-2353083 [de],29.5,48,0.97,Eridanus,4h 39m 1.01s,−23° 53′ 8.3″,,L6.5,2003
56,V382 Carinae,"08,900",20,485,"212,000",56,2MASS J04414489+2301513,470,19,,,4h 41m 44.9s,23° 1′ 58.07″,,M8.5,2010
57,Eta Carinae,"07,500",100,60–881,"5,000,000",57,2MASS J04433764+0002040,82,22,1.78,,4h 43m 37.61s,−0° 2′ 5.1″,,M9γ,n/a
58,Delta Cephei,0887,4.5,44.5,"2,000",58,2MASS J04455387-3048204 [de],42,64,1.00,Caelum,4h 45m 53.87s,−30° 48′ 20.4″,,L2,2003
59,Mu Cephei,"06,000",19.2,972,"135,000",59,2MASS J04510093-3402150 [de],69,72,1.04,Caelum,4h 51m 0.93s,−34° 2′ 15″,,L0.5,2003
60,Titawin,044.25,1.27,1.48,3.57,60,2MASS J05002100+0330501 [de],44,64,1.00,Orion,5h 0m 21s,3° 30′ 50.1″,,L4,2008
61,Rho Cassiopeiae,"08,154",22,636-981,"347,000 - 530,000",61,2MASS J05012406-0010452 [de],64,21,1.38,Orion,5h 1m 24.06s,−0° 10′ 45.2″,,L4γ,2008
62,P Cygni,"05,545",30,76,"610,000",62,2MASS J05160945-0445499 [de],73,47,0.97,Orion,5h 16m 9.45s,−4° 45′ 49.9″,,T5.5,2003
63,La Superba,"01,000",,129 - 342,"2,472 - 5,800",63,2MASS J0523−1403,40,68,1.01,Lepus,5h 23m 38.22s,−14° 3′ 2.2″,,L2.5,n/a
64,VV Cephei,"04,900",18.2,"516 - 1,050","200,000",64,2MASS 0532+8246,81,83,,Camelopardalis,5h 32m 53.46s,82° 46′ 46.5″,,L7,2018
65,61 Cygni,011.41,0.7,0.665,0.153,65,SDSS J053951.99-005902.0,41.62,61,1.01,,5h 39m 52s,−0° 59′ 1.9″,21.05,L5,n/a
66,R Doradus,0178,0.7 - 1.0,298,"4,350",66,2MASS J05591914-1404488 [de],34,,,Lepus,5h 59m 19.14s,−14° 4′ 48.8″,,T4.5,2000
67,Polaris Australis,0281,1.59,3.74,38,67,LSR 0602+3910 [de],34.6,28,1.41,Auriga,6h 2m 30.45s,39° 10′ 59.2″,20.88,L1β,2003
68,R Coronae Borealis,"04,566",0.85,85,"10,000",68,2MASS J06085283-2753583,102,38,1.51,,6h 8m 52.83s,−27° 53′ 58.3″,,M8.5γ,n/a
69,54 Piscium,036.1,0.76,0.94,0.52,69,WISEP J061135.13-041024.0A,69,65,,,6h 11m 35.12s,−4° 10′ 24″,,L9,2014
70,Mira,0300,1.2,370,"9,000",70,WISEP J061135.13-041024.0B,69,53,,,6h 11m 35.12s,−4° 10′ 24″,,T1.5,2014
71,RW Cephei,"014,000",13.9,"1,158","417,000",71,2MASS J06244595-4521548 [de],39,56,0.99,Puppis,6h 24m 45.95s,−45° 21′ 54.8″,,L5,2008
72,Lacaille 8760,012.87,0.6,0.51,0.072,72,2MASS J06411840-4322329 [de],65,67,1.01,Puppis,6h 41m 18.4s,−43° 22′ 32.9″,,L1.5,2008
73,V838 Monocerotis,"019,896",?,380 - 750,"15,000",73,DENIS-P J0652197-253450 [de],51,75,1.05,Canis Major,6h 52m 19.77s,−25° 34′ 50.5″,,L0,2008
74,HD 140283,0190,?,1.4,3.83,74,2MASS J07003664+3157266 [de],40,,,Gemini,7h 0m 36.64s,31° 57′ 26.6″,,L3.5:,2003
75,II Pegasi,0130,0.8,3.4,1.06,75,2MASS J07075327-4900503,60,72,1.03,,7h 7m 53.27s,−49° 0′ 50.3″,,M9,n/a
76,VY Canis Majoris,"03,900",17,"1,420","178,000 - 270,000",76,UGPS J072227.51-054031.2,13.4,26,0.98,Monoceros,7h 22m 27.6s,−05° 40′ 38.4″,,T9,2010
77,Pistol Star,"025,000",100,320,"1,700,000",77,2MASSI J0727182+171001 [de],29.6,41,0.94,Gemini,7h 27m 18.24s,17° 10′ 1.2″,,T7,2002
78,S Doradus,"0169,000",24,380,"910,000",78,2MASS J07290002-3954043 [de],25.8,37,0.94,Puppis,7h 29m 0.02s,−39° 54′ 4.4″,,T8 pec,2007
79,UY Scuti,"05,100",7–10,755,"86,300 - 87,100",79,SDSS J074201.41+205520.5 [de],49,43,0.94,Gemini,7h 42m 1.3s,20° 55′ 19.8″,,T5,2004
80,Barnard's Star,05.98,0.14,0.20,0.0035,80,2MASS J0746425+200032 [fr],49.6,,,Gemini,7h 46m 42.56s,20° 0′ 32.1″,,L0.5,1999
81,Luhman 16,06.52,0.04,?,?,81,DENIS-P J0751164-253043 [de],55,71,1.03,Puppis,7h 51m 16.45s,−25° 30′ 43.2″,,L2.5,2008
82,Proxima Centauri,04.25,0.12,0.15,0.0017,82,2MASS J07522390+1612157,60,68,2.01,,7h 52m 23.9s,16° 12′ 15.7″,,M7βγ,
83,KIC 8462852,"01,470",1.43,1.58,4.68,83,DENIS J081730.0-615520,16.1,44,0.94,Carina,8h 17m 30.01s,−61° 55′ 15.8″,13.6,T6,2010
84,R136a1,"0163,000",290,32,"8,710,000",84,DENIS J082303.1−491201A,67,44,,Vela,8h 23m 3.13s,−49° 12′ 1.3″,,L1.5,2006
85,Melnick 42,"0163,000",189,21.1,"3,600,000",85,DENIS J082303.1−491201B,67,28,,Vela,8h 23m 3.13s,−49° 12′ 1.3″,,L5.5,2006
86,WR 102,"018,134",19,0.39,"282,000",86,2MASS J08251968+2115521 [de],35,52,0.98,Cancer,8h 25m 19.68s,21° 15′ 52.1″,,L7.5,2000
87,VFTS 352,"0164,000",57.48,14.47,"330,000",87,SDSSp J083008.12+482847.4 [de],43,48,0.99,Lynx,8h 30m 8.25s,48° 28′ 48.2″,,L8,2002
88,YBP 1194,"02,772",1.01,0.99,0.98,88,LHS 2021,55,88,1.15,,8h 30m 32.56s,9° 47′ 15.4″,,M6.5,
89,Gliese 1214,047.5,0.16,0.21,0.0033,89,SDSS J083048.80+012831.1 [de],77,46,0.96,Hydra,8h 30m 48.78s,1° 28′ 31.1″,,T4.5,2004
90,NML Cygni,"05,251",50,"1,640 - 2,770","229,000",90,2MASSI J0835425-081923 [de],23.53,62,1.00,Hydra,8h 35m 42.56s,−8° 19′ 23.7″,,L5,2003
91,VB 10,018.72,0.075,0.10,0.0004,91,2MASSI J0847287-153237 [de],43,64,1.00,Hydra,8h 47m 28.72s,−15° 32′ 37.2″,,L2,2003
92,WOH G64,"0163,000",<20,"1,540 - 1,730","340-589,000",92,2MASS J08533619-0329321,27.6,77,1.07,,8h 53m 36.19s,−3° 29′ 32.1″,,M9,
93,TRAPPIST-1,039.6,0.089,0.12,0.0005,93,2MASSI J0859254-194926 [de],50,50,0.98,Pyxis,8h 59m 25.47s,−19° 49′ 26.8″,,L6,2003
94,2MASS J0523-1403,040.3,0.07,0.086,0.00013,94,2MASSW J0920122+351742 [de],95,,,Lynx,9h 20m 12.23s,35° 17′ 42.9″,,L6.5,2000
95,WISE 0855−0714,07.27,0.003,?,?,95,2MASSI J0937347+293142,20.0,42,0.94,Leo,9h 37m 34.87s,29° 31′ 40.9″,,T6p,2002
96,Icarus,"014,400,000,000",33,?,"850,000",96,2MASS 0939−2448,17.4,32,0.95,Antlia,9h 39m 35.48s,−24° 48′ 27.9″,16.83,T8,2005
,Star_name,Distance,Mass,Radius,Luminosity,,Brown_dwarf,Constellation,Right_ascension,Declination,App_mag,Distance,Spectral_type,Mass,Radius,Discovery_year
0,Sun,0.000015813,1,1,1,0,SDSS J000013.54+255418.6 [de],46.1,48,0.99,Pegasus,0h 0m 13.54s,25° 54′ 18″,,T4.5,2004
1,Sirius,0008.6,2.1,1.71,25.4,1,.mw-parser-output .vanchor>:target~.vanchor-text{background-color:#b1d2ff}2MASS J08283419-1309198,,,,,,,,,
2,Canopus,0310,15,71,"13,500",2,2MASS J00040288-6410358,192,19,1.63,Tucana,0h 4m 2.88s,−64° 10′ 35.8″,,L1γ,
3,Alpha Centauri,0004.4,1.1,1.2,2,3,LHS 102BC,,,,Phoenix,0h 4m 34.84s,−40° 44′ 5.8″,,L5,2002
4,Arcturus,0037,1.1,26,170,4,2MASS J00242463-0158201,37.7,79,1.09,Pisces,0h 24m 24.63s,−1° 58′ 20.1″,,M9.5,
5,Vega,0025,2.2,2.7,50,5,2MASS J00250365+4759191AB,143,,,Cassiopeia,0h 25m 3.65s,47° 59′ 19.1″,,L4,
6,Capella,0043,2.6,12,150,6,2MASS J00274197+0503417,236,31,1.44,Pisces,0h 27m 41.97s,5° 3′ 41.7″,,M9.5β,
7,Rigel,0860,23,78.9,"120,000",7,2MASS J00275592+2219328,46.9,,,Andromeda,0h 27m 55.92s,22° 19′ 32.8″,,M8,
8,Procyon,0011.4,1.5,1.9,7.7,8,2MASSW J0030300-145033,87.2,54,0.98,Cetus,0h 30m 30.13s,−14° 50′ 33.3″,,L7,n/a
9,Betelgeuse,0640[1],20,950,"60,000",9,2MASS J00332386-1521309 [de],131,29,1.43,Cetus,0h 33m 23.86s,−15° 21′ ″,,L1-L4β,n/a
10,Achernar,0144,6.7,9.3,"3,000",10,2MASS J00345157+0523050,31,42,0.94,Pisces,0h 34m 51.57s,5° 23′ 5″,,T6.5,n/a
11,Hadar,0390,10.5,8.6,"42,000",11,2MASS 0036+1821,28.6,42,0.94,Pisces,0h 36m 16.17s,18° 21′ 10.4″,12.47,L3.5,2000
12,Altair,0017,1.8,1.8,10.5,12,2MASSW J0045214+163445,57,23,1.62,Pisces,0h 45m 21.43s,16° 34′ 44.6″,,L2β,n/a
13,Acrux,0320,18,8.9,"25,000",13,WISEP J004701.06+680352.1 [fr],40,12,1.3,Cassiopeia,0h 47m 0.38s,68° 3′ 54.3″,,L7.5p,n/a
14,Aldebaran,0065,1.5,44,520,14,2MASS J00501994-3322402 [de],34,40,0.94,Sculptor,0h 50m 19.94s,−33° 22′ 40.2″,,T7,n/a
15,Antares,0600,12,680,"75,000",15,2MASS J00034227-2822410,,,,Sculptor,0h 55m 39.72s,−28° 22′ 42″,,M7.5,n/a
16,Spica,0260,11.43,7.47,"20,512",16,2MASS J00584253-0651239 [de],96,29,1.43,Cetus,0h 58m 42.53s,−6° 51′ 23.9″,,L0β,n/a
17,Pollux,0034,1.9,8.8,43,17,CFBDS J005910.90–011401.3,30,23,,Cetus,0h 59m 10.83s,−1° 14′ 1.3″,18.08,T8.5,2013
18,Fomalhaut,0025,1.9,1.8,16.6,18,2MASSI J0103320+193536,70,52,0.98,Pisces,1h 3m 32.03s,19° ′ 35″,,L6β,
19,Deneb,"2,600",19,203,"200,000",19,SDSSp J010752.33+004156.1 [de],51,52,0.98,Cetus,1h 7m 52.42s,−0° 41′ 56.3″,,L8,
20,Mimosa,0350,16,8.4,"34,000",20,2MASSI J0117474-340325 [de],163,20,1.62,Sculptor,1h 17m 47.48s,−34° 3′ 25.8″,,L2:,
21,Regulus,0077,3.8,3.1,290,21,2MASS J01415823-4633574 [de],130,20,1.61,Phoenix,1h 41m 58.23s,−46° 33′ 57.4″,,L0γ,
22,Adhara,0430,12.5,14,"39,000",22,SDSS J015141.69+124429.6,70,47,0.97,,1h 51m 41.55s,12° 44′ 30″,,T1,
23,Shaula,0700,14.5,8.8,"36,000",23,DENIS-P J020529.0−115925A,65,,,Cetus,2h 5m 29.401s,−11° 59′ 29.67″,,L5.5,1997
24,Castor,0052,2.8,2.4,30,24,DENIS-P J020529.0−115925B,65,,,Cetus,2h 5m 29.401s,−11° 59′ 29.67″,,L8,1997
25,Gacrux,0088,1.5,84,820,25,DENIS-P J020529.0−115925C,65,,,Cetus,2h 5m 29.401s,−11° 59′ 29.67″,,T0,1997
26,Bellatrix,0240,8.6,5.8,"9,200",26,SDSS J020742.48+000056.2 [de],111,47,0.97,Cetus,2h 7m 42.84s,−0° 0′ 56.4″,,T4.5,n/a
27,Elnath,0130,5.0,4.2,700,27,2MASS J02103857-3015313,101,15,1.53,,2h 10m 38.57s,−30° 15′ 31.3″,,L0γ,n/a
28,Miaplacidus,0110,3.5,6.8,290,28,2MASS J02340093-6442068,155,20,1.62,,2h 34m 0.93s,−64° 42′ 6.8″,,L0γ,n/a
29,Alnilam,"2,000",32,42,"380,000",29,2MASS J02411151-0326587 [de],152,27,1.41,Cetus,2h 41m 11.51s,−3° 26′ 58.7″,,L0γ,n/a
30,Gamma Velorum,"01,100",9.0,6,"170,000",30,2MASS J02431371−2453298,35,33,0.99,Fornax,2h 43m 13.71s,−24° 53′ 29.8″,,T6,2002
31,Alnair,0101,4.0,3.4,260,31,LP 771-21,53,78,1.08,,2h 48m 41s,−16° 51′ 21.6″,,M8,n/a
32,Alioth,0081,2.9,4.2,110,32,2MASS J02511327+0047364,,,,,2h 51m 13.27s,−0° 47′ 36.4″,,M8,n/a
33,Alnitak,01050,33,20,"120,000",33,Teegarden's star,12.578,80,1.27,Aries,2h 53m 0.84s,+16° 52′ 53.2″,15.40,M7,2003
34,Dubhe,0120,4.25,30,300,34,2MASS J02535980+3206373,184,65,1.9,,2h 53m 59.8s,32° 6′ 37.3″,,M7β,n/a
35,Mirfak,0590,8.5,68,"5,000",35,WISE J0254+0223,24,65,1.9,Cetus,2h 54m 9.45s,2° 23′ 59.1″,16.01,T8,n/a
36,Wezen,"1,600",17,200,"82,000",36,DEN 0255-4700,16.2,80,0.97,Eridanus,2h 55m 3.57s,−47° 0′ 50.9″,22.92,L8,2006
37,Sargas,0270,5.7,26,"1,800",37,2MASS J03185403-3421292 [de],45,49,0.97,Fornax,3h 18m 54.03s,−34° 21′ 29.2″,,L7,2008
38,Kaus Australis,0140,3.5,6.8,360,38,2MASS J03205965+1854233,47,88,1.15,,3h 20m 59.65s,18° 54′ 23.3″,,M8,n/a
39,Avior,0630,9.0,130,"60,000",39,2MASS J03231002-4631237,192,23,1.66,,3h 23m 10.02s,−46° 31′ 23.7″,,L0γ,n/a
40,Alkaid,0104,6.1,3.4,"1,350",40,SDSS J032553.17+042540.1,59,45,0.95,,3h 25m 53.22s,4° 25′ 40.6″,,T5.5,n/a
41,Menkalinan,081,2.39,2.77,50,41,2MASS J03264225-2102057 [de],80,18,1.3,Eridanus,3h 26m 42.25s,−21° 2′ 5.7″,,L5γ,2003
42,Atria,0390,7,92,"5,500",42,2MASS J03284265+2302051 [de],98,54,0.98,Taurus,3h 28m 42.65s,23° 2′ 5.1″,,L8,2000
43,Alhena,0109,2.8,3.3,120,43,2MASS J03341218-4953322,27.0,73,1.04,,3h 34m 12.18s,−49° 53′ 32.2″,,M9,n/a
44,Peacock,0180,5.9,4.8,"2,200",44,LP 944-20,20.9,73,1.43,Fornax,3h 39m 35.22s,−35° 25′ 44″,10.725,M9β,n/a
45,Alsephina[2],0080,2.4,2.9,90,45,2MASP J0345432+254023,88,74,1.05,,3h 45m 43.16s,25° 40′ 23.3″,,L0,1997
46,Mirzam,0500,13.5,10,"27,000",46,Teide 1,380,55,3.78,Taurus,3h 47m 18s,+24° 22′ 31″,,M8,1995
47,Polaris,0430,5.4,39,"2,500",47,2MASS J03510004-0052452,48,102,1.27,,3h 51m 0.04s,−0° 52′ 45.2″,,M8,n/a
48,Alphard,0180,3.0,50,780,48,2MASS J03552337+1133437,29.8,20,1.32,Taurus,3h 55m 23.37s,11° 33′ 43.7″,14.05,L5γ,2006
49,Mintaka,01200,24,16.5,"190,000",49,DENIS-P J035726.9-441730 [de],130,,,Horologium,3h 57m 26.95s,−44° 17′ 30.5″,14.37,L0β,n/a
50,Scheat,0196,2.1,95,"1,500",50,2MASS J04151954−0935066,18.6,30,0.95,Eridanus,4h 15m 19.54s,−9° 35′ 6.6″,15.7,T8,2002
51,Almaaz,0653,15,140,"43,000",51,SDSSp J042348.57-041403.5 [de],50,,,Eridanus,4h 23m 48.58s,−4° 14′ 3.5″,14.5,L7.5,2002
52,Rasalgethi,0360,2.8,280,"8,300",52,2MASS J04285096-2253227 [de],85,80,1.09,Eridanus,4h 28m 50.96s,−22° 53′ 22.7″,,L0.5,2003
53,Tau Ceti,011.9,0.783,0.893,0.52,53,2MASS J04351612-1606574,34,100,1.26,,4h 35m 16.13s,−16° 6′ 57.5″,,M7,n/a
54,Delta Pavonis,019.92,0.991,1.22,1.22,54,2MASS J04362788-4114465,142,39,1.97,,4h 36m 27.88s,−41° 14′ 46.5″,,M8βγ,n/a
55,Ran,010.48,0.82,0.74,0.34,55,2MASS J04390101-2353083 [de],29.5,48,0.97,Eridanus,4h 39m 1.01s,−23° 53′ 8.3″,,L6.5,2003
56,V382 Carinae,"08,900",20,485,"212,000",56,2MASS J04414489+2301513,470,19,,,4h 41m 44.9s,23° 1′ 58.07″,,M8.5,2010
57,Eta Carinae,"07,500",100,60–881,"5,000,000",57,2MASS J04433764+0002040,82,22,1.78,,4h 43m 37.61s,−0° 2′ 5.1″,,M9γ,n/a
58,Delta Cephei,0887,4.5,44.5,"2,000",58,2MASS J04455387-3048204 [de],42,64,1.00,Caelum,4h 45m 53.87s,−30° 48′ 20.4″,,L2,2003
59,Mu Cephei,"06,000",19.2,972,"135,000",59,2MASS J04510093-3402150 [de],69,72,1.04,Caelum,4h 51m 0.93s,−34° 2′ 15″,,L0.5,2003
60,Titawin,044.25,1.27,1.48,3.57,60,2MASS J05002100+0330501 [de],44,64,1.00,Orion,5h 0m 21s,3° 30′ 50.1″,,L4,2008
61,Rho Cassiopeiae,"08,154",22,636-981,"347,000 - 530,000",61,2MASS J05012406-0010452 [de],64,21,1.38,Orion,5h 1m 24.06s,−0° 10′ 45.2″,,L4γ,2008
62,P Cygni,"05,545",30,76,"610,000",62,2MASS J05160945-0445499 [de],73,47,0.97,Orion,5h 16m 9.45s,−4° 45′ 49.9″,,T5.5,2003
63,La Superba,"01,000",,129 - 342,"2,472 - 5,800",63,2MASS J0523−1403,40,68,1.01,Lepus,5h 23m 38.22s,−14° 3′ 2.2″,,L2.5,n/a
64,VV Cephei,"04,900",18.2,"516 - 1,050","200,000",64,2MASS 0532+8246,81,83,,Camelopardalis,5h 32m 53.46s,82° 46′ 46.5″,,L7,2018
65,61 Cygni,011.41,0.7,0.665,0.153,65,SDSS J053951.99-005902.0,41.62,61,1.01,,5h 39m 52s,−0° 59′ 1.9″,21.05,L5,n/a
66,R Doradus,0178,0.7 - 1.0,298,"4,350",66,2MASS J05591914-1404488 [de],34,,,Lepus,5h 59m 19.14s,−14° 4′ 48.8″,,T4.5,2000
67,Polaris Australis,0281,1.59,3.74,38,67,LSR 0602+3910 [de],34.6,28,1.41,Auriga,6h 2m 30.45s,39° 10′ 59.2″,20.88,L1β,2003
68,R Coronae Borealis,"04,566",0.85,85,"10,000",68,2MASS J06085283-2753583,102,38,1.51,,6h 8m 52.83s,−27° 53′ 58.3″,,M8.5γ,n/a
69,54 Piscium,036.1,0.76,0.94,0.52,69,WISEP J061135.13-041024.0A,69,65,,,6h 11m 35.12s,−4° 10′ 24″,,L9,2014
70,Mira,0300,1.2,370,"9,000",70,WISEP J061135.13-041024.0B,69,53,,,6h 11m 35.12s,−4° 10′ 24″,,T1.5,2014
71,RW Cephei,"014,000",13.9,"1,158","417,000",71,2MASS J06244595-4521548 [de],39,56,0.99,Puppis,6h 24m 45.95s,−45° 21′ 54.8″,,L5,2008
72,Lacaille 8760,012.87,0.6,0.51,0.072,72,2MASS J06411840-4322329 [de],65,67,1.01,Puppis,6h 41m 18.4s,−43° 22′ 32.9″,,L1.5,2008
73,V838 Monocerotis,"019,896",?,380 - 750,"15,000",73,DENIS-P J0652197-253450 [de],51,75,1.05,Canis Major,6h 52m 19.77s,−25° 34′ 50.5″,,L0,2008
74,HD 140283,0190,?,1.4,3.83,74,2MASS J07003664+3157266 [de],40,,,Gemini,7h 0m 36.64s,31° 57′ 26.6″,,L3.5:,2003
75,II Pegasi,0130,0.8,3.4,1.06,75,2MASS J07075327-4900503,60,72,1.03,,7h 7m 53.27s,−49° 0′ 50.3″,,M9,n/a
76,VY Canis Majoris,"03,900",17,"1,420","178,000 - 270,000",76,UGPS J072227.51-054031.2,13.4,26,0.98,Monoceros,7h 22m 27.6s,−05° 40′ 38.4″,,T9,2010
77,Pistol Star,"025,000",100,320,"1,700,000",77,2MASSI J0727182+171001 [de],29.6,41,0.94,Gemini,7h 27m 18.24s,17° 10′ 1.2″,,T7,2002
78,S Doradus,"0169,000",24,380,"910,000",78,2MASS J07290002-3954043 [de],25.8,37,0.94,Puppis,7h 29m 0.02s,−39° 54′ 4.4″,,T8 pec,2007
79,UY Scuti,"05,100",7–10,755,"86,300 - 87,100",79,SDSS J074201.41+205520.5 [de],49,43,0.94,Gemini,7h 42m 1.3s,20° 55′ 19.8″,,T5,2004
80,Barnard's Star,05.98,0.14,0.20,0.0035,80,2MASS J0746425+200032 [fr],49.6,,,Gemini,7h 46m 42.56s,20° 0′ 32.1″,,L0.5,1999
81,Luhman 16,06.52,0.04,?,?,81,DENIS-P J0751164-253043 [de],55,71,1.03,Puppis,7h 51m 16.45s,−25° 30′ 43.2″,,L2.5,2008
82,Proxima Centauri,04.25,0.12,0.15,0.0017,82,2MASS J07522390+1612157,60,68,2.01,,7h 52m 23.9s,16° 12′ 15.7″,,M7βγ,
83,KIC 8462852,"01,470",1.43,1.58,4.68,83,DENIS J081730.0-615520,16.1,44,0.94,Carina,8h 17m 30.01s,−61° 55′ 15.8″,13.6,T6,2010
84,R136a1,"0163,000",290,32,"8,710,000",84,DENIS J082303.1−491201A,67,44,,Vela,8h 23m 3.13s,−49° 12′ 1.3″,,L1.5,2006
85,Melnick 42,"0163,000",189,21.1,"3,600,000",85,DENIS J082303.1−491201B,67,28,,Vela,8h 23m 3.13s,−49° 12′ 1.3″,,L5.5,2006
86,WR 102,"018,134",19,0.39,"282,000",86,2MASS J08251968+2115521 [de],35,52,0.98,Cancer,8h 25m 19.68s,21° 15′ 52.1″,,L7.5,2000
87,VFTS 352,"0164,000",57.48,14.47,"330,000",87,SDSSp J083008.12+482847.4 [de],43,48,0.99,Lynx,8h 30m 8.25s,48° 28′ 48.2″,,L8,2002
88,YBP 1194,"02,772",1.01,0.99,0.98,88,LHS 2021,55,88,1.15,,8h 30m 32.56s,9° 47′ 15.4″,,M6.5,
89,Gliese 1214,047.5,0.16,0.21,0.0033,89,SDSS J083048.80+012831.1 [de],77,46,0.96,Hydra,8h 30m 48.78s,1° 28′ 31.1″,,T4.5,2004
90,NML Cygni,"05,251",50,"1,640 - 2,770","229,000",90,2MASSI J0835425-081923 [de],23.53,62,1.00,Hydra,8h 35m 42.56s,−8° 19′ 23.7″,,L5,2003
91,VB 10,018.72,0.075,0.10,0.0004,91,2MASSI J0847287-153237 [de],43,64,1.00,Hydra,8h 47m 28.72s,−15° 32′ 37.2″,,L2,2003
92,WOH G64,"0163,000",<20,"1,540 - 1,730","340-589,000",92,2MASS J08533619-0329321,27.6,77,1.07,,8h 53m 36.19s,−3° 29′ 32.1″,,M9,
93,TRAPPIST-1,039.6,0.089,0.12,0.0005,93,2MASSI J0859254-194926 [de],50,50,0.98,Pyxis,8h 59m 25.47s,−19° 49′ 26.8″,,L6,2003
94,2MASS J0523-1403,040.3,0.07,0.086,0.00013,94,2MASSW J0920122+351742 [de],95,,,Lynx,9h 20m 12.23s,35° 17′ 42.9″,,L6.5,2000
95,WISE 0855−0714,07.27,0.003,?,?,95,2MASSI J0937347+293142,20.0,42,0.94,Leo,9h 37m 34.87s,29° 31′ 40.9″,,T6p,2002
96,Icarus,"014,400,000,000",33,?,"850,000",96,2MASS 0939−2448,17.4,32,0.95,Antlia,9h 39m 35.48s,−24° 48′ 27.9″,16.83,T8,2005
